id,title,description,availability,condition,price,link,image_link,brand,sale_price,color,size,item_group_id
AU-001,Luxury Buckled Gladiator Derby Shoes – Premium Leather Edition,"Built for the modern man, these Premium Leather Gladiator Derby Shoes pair bold buckled detailing with refined polish. Wear with tailored suits or dark denim for instant presence. Durable materials, confident comfort, and fast delivery deliver standout value.",in stock,new,88000 NGN,https://www.ausenlifestyle.com/ausen/luxury-buckled-gladiator-derby-shoes-premium-leather-edition,https://files.cdn-files-a.com/uploads/10770367/normal_6a466f3d9b58e.png,,88000,,,6a1f38f74f8f1
AU-002,Monarch Platform Tassel Loafers,"Own the room in Monarch Platform Tassel Loafers-platform support, sleek silhouette, and effortless slip-on ease. Pair with suits, chinos, or streetwear to walk with intent. Fast Delivery delivers the foundation of your style, quickly.",in stock,new,65000 NGN,https://www.ausenlifestyle.com/ausen/monarch-platform-tassel-loafers,https://files.cdn-files-a.com/uploads/10770367/normal_6a466ef617b9f.png,,65000,,,6a2245db213a9
AU-003,Premium Cap-Toe Oxford Shoes,"Built for the modern man who leads from the front, our Premium Cap-Toe Oxfords elevate your posture and presence. Wear them with suits or smart denim for instant polish. Exceptional value in durable construction, plus Fast Delivery to match your momentum.",in stock,new,74000 NGN,https://www.ausenlifestyle.com/ausen/premium-cap-toe-oxford-shoes,https://files.cdn-files-a.com/uploads/10770367/normal_6a4b1e451c37e.png,Clarks,74000,,,6a46745322774
AU-004,Tommy Jeans Heritage Luxe Leather Sneakers,"Experience premium comfort and timeless style with the Tommy Jeans Heritage Luxe Leather Sneakers. Crafted from premium leather with refined suede accents, these sneakers are perfect for smart-casual occasions, delivering exceptional comfort and sophisticated everyday elegance.",in stock,new,64000 NGN,https://www.ausenlifestyle.com/ausen/tommy-jeans-heritage-luxe-leather-sneakers,https://files.cdn-files-a.com/uploads/10770367/normal_6a5f398b774ee.jpg,Tommy Jeans,64000,,,6a5f399e64202
AU-005,Tommy Hilfiger Premium Leather Sneakers,"Upgrade your everyday style with the Tommy Hilfiger Premium Leather Sneakers. Designed for comfort and sophistication, these sneakers feature a sleek leather finish, lightweight construction, and a versatile design that complements both casual and smart casual outfits.",in stock,new,66000 NGN,https://www.ausenlifestyle.com/ausen/tommy-hilfiger-premium-sneakers,https://files.cdn-files-a.com/uploads/10770367/normal_6a5f8d571ffe8.jpg,Tommy Hilfiger,66000,,,6a5f8d2314643
AU-006,BOLD Premium Brown Leather Penny Loafers,"Step into effortless sophistication with the BOLD Premium Brown Leather Penny Loafers. Designed for the modern gentleman, these loafers combine timeless elegance with everyday comfort, making them perfect for business, formal occasions, church services, weddings, and smart casual outfits.",in stock,new,68000 NGN,https://www.ausenlifestyle.com/ausen/bold-premium-brown-leather-penny-loafers,https://files.cdn-files-a.com/uploads/10770367/normal_6a60b897e9b42.jpg,,68000,,,6a60b9d36c68f
AU-007,AUSEN Timber Edge Slip-On Sneakers,"Experience effortless style with the AUSEN Timber Edge Slip-On Sneakers. Designed for the modern gentleman, this premium slip-on combines a refined suede-look upper with a clean white sole for a smart casual appearance that transitions seamlessly from work to weekends.",in stock,new,55000 NGN,https://www.ausenlifestyle.com/ausen/ausen-timber-edge-slip-on-sneakers,https://files.cdn-files-a.com/uploads/10770367/normal_6a60babf13ef1.jpg,,55000,,,6a60bb135e87e
6a60bd5a9a2f9,AUSEN Obsidian Monogram Derby,"The AUSEN Obsidian Monogram Derby is a premium men’s dress shoe featuring a luxurious embossed black finish, durable lace-up design, and a rugged outsole for superior comfort and style. Perfect for business, formal occasions, church, and smart casual wear, it delivers a bold, sophisticated look with every step.",in stock,new,64000 NGN,https://www.ausenlifestyle.com/ausen/ausen-obsidian-monogram-derby,https://files.cdn-files-a.com/uploads/10770367/normal_6a60bf7e636d7.jpg,,64000,,,6a60bd5a9a2f9
6a6230ae2d4d5,Tommy Hilfiger Men’s Classic Boat Shoes,"Experience timeless elegance with the Tommy Hilfiger Men’s Classic Boat Shoes. Designed with a sleek white finish, signature branding, and a lightweight, comfortable fit, these shoes are perfect for casual outings, business-casual wear, and weekend adventures. A stylish blend of comfort, durability, and sophistication for the modern gentleman.",in stock,new,65000 NGN,https://www.ausenlifestyle.com/ausen/tommy-hilfiger-men-s-classic-boat-shoes,https://files.cdn-files-a.com/uploads/10770367/normal_6a622db7ca630.jpg,,65000,,,6a6230ae2d4d5
6a623384f0c03,Louis Vuitton Men’s Slip-On Sneakers,"Experience luxury and everyday comfort with the Louis Vuitton Men’s Slip-On Sneakers. Featuring a sleek white design, lightweight construction, and premium craftsmanship, these sneakers are perfect for the modern gentleman seeking effortless style.",in stock,new,65000 NGN,https://www.ausenlifestyle.com/ausen/louis-vuitton-men-s-slip-on-sneakers,https://files.cdn-files-a.com/uploads/10770367/normal_6a6231aa6bdb1.jpg,,65000,,,6a623384f0c03
6a6236431da26,Men’s Premium Brown Metal Bit Loafers,"Step out in confidence with these premium brown bit loafers. Featuring a refined slip-on design, elegant metal hardware, and all-day comfort, they’re the perfect choice for business, formal events, and sophisticated everyday style.",in stock,new,73000 NGN,https://www.ausenlifestyle.com/ausen/men-s-premium-brown-metal-bit-loafers,https://files.cdn-files-a.com/uploads/10770367/normal_6a6234e7291f1.jpg,,73000,,,6a6236431da26
6a6238c9f2573,Men’s Premium Navy Slip-On Sneakers,"Upgrade your everyday footwear with these premium navy slip-on sneakers. Featuring a breathable knit upper, lightweight design, and cushioned comfort, they’re perfect for casual wear, travel, and smart-casual occasions.",in stock,new,64000 NGN,https://www.ausenlifestyle.com/ausen/men-s-premium-navy-slip-on-sneakers,https://files.cdn-files-a.com/uploads/10770367/normal_6a62375e98a88.jpg,,64000,,,6a6238c9f2573
6a635884baf68,Men’s Premium All-White Air Cushion Sneakers,"Experience all-day comfort and modern style with our Men’s Premium All-White Air Cushion Sneakers. Designed with a lightweight build, responsive air-cushion sole, and sleek all-white finish, they’re the perfect choice for everyday confidence and comfort.",in stock,new,85000 NGN,https://www.ausenlifestyle.com/ausen/air-cushion-white-sneakers,https://files.cdn-files-a.com/uploads/10770367/normal_6a6356c259d0a.jpg,,85000,,,6a635884baf68
6a635b5edd2de,Timberland Premium 6-Inch Waterproof Boots – Wheat,"Step into rugged style with the Timberland Premium 6-Inch Waterproof Boots. Crafted with a premium waterproof leather upper, padded collar, and durable rubber lug outsole, these iconic boots deliver lasting comfort, reliable traction, and timeless versatility for work, outdoor adventures, and everyday wear. Built to perform in every season while keeping your style on point.",in stock,new,120000 NGN,https://www.ausenlifestyle.com/ausen/timberland-premium-6-inch-waterproof-boots-wheat,https://files.cdn-files-a.com/uploads/10770367/normal_6a635a240ea1b.jpg,,120000,,,6a635b5edd2de
6a635e6473066,Nike Shox R4 Triple White Sneakers,"Experience all-day comfort and iconic style with the Nike Shox R4 Triple White Sneakers. Featuring responsive Shox cushioning, a lightweight build, and a clean all-white design, these sneakers are perfect for casual wear, travel, and everyday comfort.",in stock,new,92000 NGN,https://www.ausenlifestyle.com/ausen/nike-shox-r4-triple-white-sneakers,https://files.cdn-files-a.com/uploads/10770367/normal_6a635da092730.jpg,,92000,,,6a635e6473066
6a6728212bbc2,Men's Glossy Crocodile-Embossed Lug-Sole Loafers,"Elevate your everyday style with these sophisticated black slip-on loafers, featuring a bold crocodile-embossed finish and a modern lug sole for enhanced comfort and traction. Perfect for pairing with smart-casual attire or formal obligations. CHECK FOR NEW UPDATE...",in stock,new,72000 NGN,https://www.ausenlifestyle.com/ausen/men-s-glossy-crocodile-embossed-lug-sole-loafers,https://files.cdn-files-a.com/uploads/10770367/normal_6a6727c07fd20.jpg,,72000,,,6a6728212bbc2